Quarter,Percent of Filed Cases with a Felony Top Charge
2017 Q1,19.66%
2017 Q2,15.43%
2017 Q3,17.09%
2017 Q4,16.31%
2018 Q1,16.34%
2018 Q2,16.93%
2018 Q3,16.89%
2018 Q4,20.01%
2019 Q1,19.35%
2019 Q2,21.39%
2019 Q3,22.50%
2019 Q4,22.87%
2020 Q1,22.77%
2020 Q2,27.04%
2020 Q3,30.62%
2020 Q4,30.72%
2021 Q1,34.00%
2021 Q2,33.09%
2021 Q3,31.64%
2021 Q4,32.02%
2022 Q1,33.70%
2022 Q2,34.38%
2022 Q3,34.58%
2022 Q4,32.53%
2023 Q1,30.54%
2023 Q2,32.75%
2023 Q3,33.34%
2023 Q4,32.12%
2024 Q1,30.84%
2024 Q2,31.50%
2024 Q3,31.12%
2024 Q4,31.86%
2025 Q1,32.35%
2025 Q2,34.13%
2025 Q3,34.17%
2025 Q4,34.98%
