Year,Quarter,Month,Day,Average of FILEDISP_DAYS,Median of FILEDISP_DAYS
2017,Qtr 1,January,3,116.69,81
2017,Qtr 1,January,4,183.82,90
2017,Qtr 1,January,5,129.12,95
2017,Qtr 1,January,6,200.03,94
2017,Qtr 1,January,9,352.56,95
2017,Qtr 1,January,10,185.59,113
2017,Qtr 1,January,11,262.59,99
2017,Qtr 1,January,12,422.59,119
2017,Qtr 1,January,13,262.55,168
2017,Qtr 1,January,17,165.58,104
2017,Qtr 1,January,18,198.48,126
2017,Qtr 1,January,19,368.48,107
2017,Qtr 1,January,20,559.77,127
2017,Qtr 1,January,23,204.60,106
2017,Qtr 1,January,24,213.48,104
2017,Qtr 1,January,25,182.19,92
2017,Qtr 1,January,26,382.43,121
2017,Qtr 1,January,27,291.94,78
2017,Qtr 1,January,30,170.57,108
2017,Qtr 1,January,31,170.86,101
2017,Qtr 1,February,1,222.84,104
2017,Qtr 1,February,2,370.99,146
2017,Qtr 1,February,3,642.77,220
2017,Qtr 1,February,6,128.87,89
2017,Qtr 1,February,7,114.68,68
2017,Qtr 1,February,8,149.02,61
2017,Qtr 1,February,9,188.05,115
2017,Qtr 1,February,10,377.44,214
2017,Qtr 1,February,14,212.37,111
2017,Qtr 1,February,15,153.02,70
2017,Qtr 1,February,16,119.55,62
2017,Qtr 1,February,17,493.70,124
2017,Qtr 1,February,21,241.92,80
2017,Qtr 1,February,22,183.64,107
2017,Qtr 1,February,23,194.29,87
2017,Qtr 1,February,24,229.81,70
2017,Qtr 1,February,27,162.71,68
2017,Qtr 1,February,28,168.81,105
2017,Qtr 1,March,1,158.62,86
2017,Qtr 1,March,2,179.74,100
2017,Qtr 1,March,3,247.82,36
2017,Qtr 1,March,6,167.24,88
2017,Qtr 1,March,7,144.93,96
2017,Qtr 1,March,8,365.59,177
2017,Qtr 1,March,9,356.76,127
2017,Qtr 1,March,10,529.58,96
2017,Qtr 1,March,12,158.00,158
2017,Qtr 1,March,13,186.20,119
2017,Qtr 1,March,14,100.92,74
2017,Qtr 1,March,15,205.03,100
2017,Qtr 1,March,16,261.82,81
2017,Qtr 1,March,17,281.80,65
2017,Qtr 1,March,18,676.00,676
2017,Qtr 1,March,20,198.22,102
2017,Qtr 1,March,21,187.07,77
2017,Qtr 1,March,22,224.63,125
2017,Qtr 1,March,23,303.56,120
2017,Qtr 1,March,24,274.41,64
2017,Qtr 1,March,27,133.25,77
2017,Qtr 1,March,28,145.45,103
2017,Qtr 1,March,29,185.37,65
2017,Qtr 1,March,30,372.58,77
2017,Qtr 2,April,3,161.00,80
2017,Qtr 2,April,4,169.36,112
2017,Qtr 2,April,5,155.56,82
2017,Qtr 2,April,6,345.76,64
2017,Qtr 2,April,7,256.95,73
2017,Qtr 2,April,9,71.00,71
2017,Qtr 2,April,10,142.73,77
2017,Qtr 2,April,11,212.97,75
2017,Qtr 2,April,12,170.78,64
2017,Qtr 2,April,13,327.76,128
2017,Qtr 2,April,14,255.75,44
2017,Qtr 2,April,17,163.21,98
2017,Qtr 2,April,18,152.58,82
2017,Qtr 2,April,19,137.43,85
2017,Qtr 2,April,20,555.20,129
2017,Qtr 2,April,21,426.27,70
2017,Qtr 2,April,24,158.17,103
2017,Qtr 2,April,25,158.54,82
2017,Qtr 2,April,26,112.02,63
2017,Qtr 2,April,27,284.56,85
2017,Qtr 2,April,28,647.91,115
2017,Qtr 2,May,1,151.21,65
2017,Qtr 2,May,2,148.70,66
2017,Qtr 2,May,3,144.51,84
2017,Qtr 2,May,4,293.32,96
2017,Qtr 2,May,5,324.65,71
2017,Qtr 2,May,6,140.67,86
2017,Qtr 2,May,7,80.00,80
2017,Qtr 2,May,8,145.61,93
2017,Qtr 2,May,9,186.83,71
2017,Qtr 2,May,10,256.59,76
2017,Qtr 2,May,11,190.14,93
2017,Qtr 2,May,12,224.05,56
2017,Qtr 2,May,15,133.30,77
2017,Qtr 2,May,16,170.89,71
2017,Qtr 2,May,17,137.11,95
2017,Qtr 2,May,18,534.04,149
2017,Qtr 2,May,19,335.90,79
2017,Qtr 2,May,20,151.00,151
2017,Qtr 2,May,22,142.22,92
2017,Qtr 2,May,23,107.51,57
2017,Qtr 2,May,24,150.06,102
2017,Qtr 2,May,25,316.32,84
2017,Qtr 2,May,26,297.50,73
2017,Qtr 2,May,30,250.92,118
2017,Qtr 2,May,31,177.45,106
2017,Qtr 2,June,1,276.69,87
2017,Qtr 2,June,2,216.44,46
2017,Qtr 2,June,5,438.10,111
2017,Qtr 2,June,6,492.51,99
2017,Qtr 2,June,7,147.18,78
2017,Qtr 2,June,8,459.88,141
2017,Qtr 2,June,9,513.19,69
2017,Qtr 2,June,12,207.97,93
2017,Qtr 2,June,13,132.22,50
2017,Qtr 2,June,14,183.77,86
2017,Qtr 2,June,15,275.85,85
2017,Qtr 2,June,16,228.06,86
2017,Qtr 2,June,19,211.78,78
2017,Qtr 2,June,20,533.44,165
2017,Qtr 2,June,21,135.60,78
2017,Qtr 2,June,22,689.69,126
2017,Qtr 2,June,23,201.96,72
2017,Qtr 2,June,26,140.97,96
2017,Qtr 2,June,27,128.46,74
2017,Qtr 2,June,28,297.60,97
2017,Qtr 2,June,29,465.99,94
2017,Qtr 2,June,30,175.41,70
2017,Qtr 3,July,2,793.00,793
2017,Qtr 3,July,3,196.87,92
2017,Qtr 3,July,5,165.01,71
2017,Qtr 3,July,6,628.00,113
2017,Qtr 3,July,7,221.51,58
2017,Qtr 3,July,10,168.10,102
2017,Qtr 3,July,11,153.11,68
2017,Qtr 3,July,12,148.03,75
2017,Qtr 3,July,13,484.16,95
2017,Qtr 3,July,14,128.85,71
2017,Qtr 3,July,16,83.00,83
2017,Qtr 3,July,17,163.53,84
2017,Qtr 3,July,18,146.96,75
2017,Qtr 3,July,19,106.66,68
2017,Qtr 3,July,20,332.19,108
2017,Qtr 3,July,21,320.31,87
2017,Qtr 3,July,24,123.70,67
2017,Qtr 3,July,25,147.54,83
2017,Qtr 3,July,26,154.89,89
2017,Qtr 3,July,27,202.55,93
2017,Qtr 3,July,28,254.29,62
2017,Qtr 3,July,31,134.21,96
2017,Qtr 3,August,1,193.50,77
2017,Qtr 3,August,2,192.96,90
2017,Qtr 3,August,3,402.98,111
2017,Qtr 3,August,4,370.83,61
2017,Qtr 3,August,7,142.51,104
2017,Qtr 3,August,8,167.20,90
2017,Qtr 3,August,9,132.83,91
2017,Qtr 3,August,10,282.42,88
2017,Qtr 3,August,11,271.98,92
2017,Qtr 3,August,14,150.51,88
2017,Qtr 3,August,15,191.90,82
2017,Qtr 3,August,16,124.40,72
2017,Qtr 3,August,17,339.81,120
2017,Qtr 3,August,18,332.47,70
2017,Qtr 3,August,21,122.77,76
2017,Qtr 3,August,22,141.55,103
2017,Qtr 3,August,23,137.06,72
2017,Qtr 3,August,24,248.43,103
2017,Qtr 3,August,25,227.58,70
2017,Qtr 3,August,28,235.28,103
2017,Qtr 3,August,29,142.77,104
2017,Qtr 3,August,30,274.70,86
2017,Qtr 3,August,31,352.52,115
2017,Qtr 3,September,1,196.81,37
2017,Qtr 3,September,5,174.98,111
2017,Qtr 3,September,6,129.85,86
2017,Qtr 3,September,7,326.65,87
2017,Qtr 3,September,8,166.62,86
2017,Qtr 3,September,11,132.61,90
2017,Qtr 3,September,12,186.37,115
2017,Qtr 3,September,13,186.24,92
2017,Qtr 3,September,14,247.88,105
2017,Qtr 3,September,15,253.67,86
2017,Qtr 3,September,17,116.00,116
2017,Qtr 3,September,18,146.80,102
2017,Qtr 3,September,19,141.56,92
2017,Qtr 3,September,20,128.23,84
2017,Qtr 3,September,21,175.03,113
2017,Qtr 3,September,22,123.74,42
2017,Qtr 3,September,25,135.40,84
2017,Qtr 3,September,26,165.07,104
2017,Qtr 3,September,27,182.59,111
2017,Qtr 3,September,28,231.50,111
2017,Qtr 3,September,29,336.01,64
2017,Qtr 4,October,1,118.00,118
2017,Qtr 4,October,2,391.98,123
2017,Qtr 4,October,3,127.66,88
2017,Qtr 4,October,4,207.45,109
2017,Qtr 4,October,5,289.75,105
2017,Qtr 4,October,6,221.48,52
2017,Qtr 4,October,10,156.81,104
2017,Qtr 4,October,11,118.82,100
2017,Qtr 4,October,12,259.62,78
2017,Qtr 4,October,13,146.59,67
2017,Qtr 4,October,16,144.05,122
2017,Qtr 4,October,17,194.65,91
2017,Qtr 4,October,18,111.55,90
2017,Qtr 4,October,19,616.54,125
2017,Qtr 4,October,20,273.24,95
2017,Qtr 4,October,23,697.21,174
2017,Qtr 4,October,24,148.33,97
2017,Qtr 4,October,25,228.98,98
2017,Qtr 4,October,26,291.33,99
2017,Qtr 4,October,27,231.33,94
2017,Qtr 4,October,28,1088.00,1088
2017,Qtr 4,October,30,144.69,110
2017,Qtr 4,October,31,156.45,62
2017,Qtr 4,November,1,145.64,95
2017,Qtr 4,November,2,362.68,107
2017,Qtr 4,November,3,334.31,65
2017,Qtr 4,November,6,135.38,83
2017,Qtr 4,November,7,167.53,87
2017,Qtr 4,November,8,178.69,107
2017,Qtr 4,November,9,586.80,138
2017,Qtr 4,November,13,189.45,92
2017,Qtr 4,November,14,173.36,118
2017,Qtr 4,November,15,187.81,97
2017,Qtr 4,November,16,343.79,131
2017,Qtr 4,November,17,139.35,66
2017,Qtr 4,November,20,126.47,97
2017,Qtr 4,November,21,163.95,122
2017,Qtr 4,November,22,98.04,76
2017,Qtr 4,November,27,151.09,95
2017,Qtr 4,November,28,188.86,102
2017,Qtr 4,November,29,122.13,74
2017,Qtr 4,November,30,336.63,127
2017,Qtr 4,December,1,448.33,54
2017,Qtr 4,December,4,294.46,132
2017,Qtr 4,December,5,153.13,97
2017,Qtr 4,December,6,203.90,125
2017,Qtr 4,December,7,365.61,112
2017,Qtr 4,December,8,745.22,120
2017,Qtr 4,December,11,166.97,111
2017,Qtr 4,December,12,162.23,122
2017,Qtr 4,December,13,177.45,98
2017,Qtr 4,December,14,291.36,153
2017,Qtr 4,December,15,528.31,85
2017,Qtr 4,December,18,292.08,117
2017,Qtr 4,December,19,158.25,85
2017,Qtr 4,December,20,462.30,120
2017,Qtr 4,December,21,243.79,154
2017,Qtr 4,December,22,591.47,94
2017,Qtr 4,December,26,133.77,88
2017,Qtr 4,December,27,143.33,115
2017,Qtr 4,December,28,323.99,92
2017,Qtr 4,December,29,150.81,126
2018,Qtr 1,January,2,168.25,91
2018,Qtr 1,January,3,174.63,103
2018,Qtr 1,January,4,343.54,120
2018,Qtr 1,January,5,254.77,59
2018,Qtr 1,January,8,294.85,122
2018,Qtr 1,January,9,109.58,78
2018,Qtr 1,January,10,181.64,90
2018,Qtr 1,January,11,385.46,139
2018,Qtr 1,January,12,369.97,93
2018,Qtr 1,January,14,494.00,494
2018,Qtr 1,January,16,145.33,112
2018,Qtr 1,January,17,185.85,128
2018,Qtr 1,January,18,271.91,91
2018,Qtr 1,January,19,346.33,100
2018,Qtr 1,January,21,118.00,118
2018,Qtr 1,January,22,167.78,123
2018,Qtr 1,January,23,161.09,91
2018,Qtr 1,January,24,146.56,86
2018,Qtr 1,January,25,539.54,134
2018,Qtr 1,January,26,368.47,88
2018,Qtr 1,January,28,292.00,292
2018,Qtr 1,January,29,242.81,135
2018,Qtr 1,January,30,190.38,91
2018,Qtr 1,January,31,163.43,111
2018,Qtr 1,February,1,358.74,127
2018,Qtr 1,February,2,326.62,166
2018,Qtr 1,February,5,236.99,118
2018,Qtr 1,February,6,187.19,112
2018,Qtr 1,February,7,239.07,120
2018,Qtr 1,February,8,287.27,101
2018,Qtr 1,February,9,215.03,72
2018,Qtr 1,February,11,324.00,324
2018,Qtr 1,February,13,198.93,109
2018,Qtr 1,February,14,151.73,115
2018,Qtr 1,February,15,153.30,72
2018,Qtr 1,February,16,305.47,66
2018,Qtr 1,February,17,786.00,786
2018,Qtr 1,February,19,45.00,45
2018,Qtr 1,February,20,132.24,78
2018,Qtr 1,February,21,217.06,119
2018,Qtr 1,February,22,133.50,72
2018,Qtr 1,February,23,143.84,97
2018,Qtr 1,February,26,175.37,119
2018,Qtr 1,February,27,162.33,112
2018,Qtr 1,February,28,143.93,108
2018,Qtr 1,March,1,273.61,151
2018,Qtr 1,March,2,176.11,105
2018,Qtr 1,March,5,177.78,140
2018,Qtr 1,March,6,204.61,139
2018,Qtr 1,March,7,202.43,117
2018,Qtr 1,March,8,274.39,118
2018,Qtr 1,March,9,136.91,114
2018,Qtr 1,March,12,136.99,119
2018,Qtr 1,March,13,342.22,103
2018,Qtr 1,March,14,287.97,144
2018,Qtr 1,March,15,325.75,128
2018,Qtr 1,March,16,328.72,86
2018,Qtr 1,March,19,228.00,125
2018,Qtr 1,March,20,194.65,117
2018,Qtr 1,March,21,132.13,91
2018,Qtr 1,March,22,328.24,128
2018,Qtr 1,March,23,143.36,69
2018,Qtr 1,March,26,239.52,138
2018,Qtr 1,March,27,198.64,105
2018,Qtr 1,March,28,212.86,98
2018,Qtr 1,March,29,286.99,122
2018,Qtr 2,April,2,160.80,94
2018,Qtr 2,April,3,166.43,133
2018,Qtr 2,April,4,171.80,78
2018,Qtr 2,April,5,247.26,112
2018,Qtr 2,April,6,258.83,112
2018,Qtr 2,April,9,193.48,129
2018,Qtr 2,April,10,205.17,122
2018,Qtr 2,April,11,257.46,134
2018,Qtr 2,April,12,286.38,112
2018,Qtr 2,April,13,879.93,1319
2018,Qtr 2,April,16,122.50,86
2018,Qtr 2,April,17,172.72,105
2018,Qtr 2,April,18,248.35,138
2018,Qtr 2,April,19,306.03,119
2018,Qtr 2,April,20,1073.26,124
2018,Qtr 2,April,23,157.61,103
2018,Qtr 2,April,24,172.95,103
2018,Qtr 2,April,25,169.53,95
2018,Qtr 2,April,26,226.53,135
2018,Qtr 2,April,27,313.99,142
2018,Qtr 2,April,30,188.55,122
2018,Qtr 2,May,1,137.52,78
2018,Qtr 2,May,2,246.39,102
2018,Qtr 2,May,3,424.14,147
2018,Qtr 2,May,4,313.34,101
2018,Qtr 2,May,7,150.88,117
2018,Qtr 2,May,8,164.02,109
2018,Qtr 2,May,9,382.88,170
2018,Qtr 2,May,10,501.77,164
2018,Qtr 2,May,11,589.21,111
2018,Qtr 2,May,14,273.36,115
2018,Qtr 2,May,15,155.07,104
2018,Qtr 2,May,16,170.74,110
2018,Qtr 2,May,17,313.11,106
2018,Qtr 2,May,18,1136.93,156
2018,Qtr 2,May,21,241.11,121
2018,Qtr 2,May,22,163.38,123
2018,Qtr 2,May,23,177.32,111
2018,Qtr 2,May,24,417.40,116
2018,Qtr 2,May,25,529.67,108
2018,Qtr 2,May,29,174.33,97
2018,Qtr 2,May,30,196.93,123
2018,Qtr 2,May,31,477.93,125
2018,Qtr 2,June,1,236.11,50
2018,Qtr 2,June,4,281.36,122
2018,Qtr 2,June,5,131.06,83
2018,Qtr 2,June,6,326.36,102
2018,Qtr 2,June,7,497.59,134
2018,Qtr 2,June,8,242.29,80
2018,Qtr 2,June,11,345.39,123
2018,Qtr 2,June,12,179.05,103
2018,Qtr 2,June,13,138.79,105
2018,Qtr 2,June,14,555.96,108
2018,Qtr 2,June,15,198.88,103
2018,Qtr 2,June,18,228.43,143
2018,Qtr 2,June,19,143.59,109
2018,Qtr 2,June,20,140.56,67
2018,Qtr 2,June,21,477.87,139
2018,Qtr 2,June,22,214.96,95
2018,Qtr 2,June,25,182.53,130
2018,Qtr 2,June,26,172.61,133
2018,Qtr 2,June,27,476.73,126
2018,Qtr 2,June,28,477.91,113
2018,Qtr 2,June,29,414.57,121
2018,Qtr 3,July,2,166.23,121
2018,Qtr 3,July,3,146.36,101
2018,Qtr 3,July,5,315.25,115
2018,Qtr 3,July,6,276.08,155
2018,Qtr 3,July,7,1192.00,1192
2018,Qtr 3,July,8,185.00,185
2018,Qtr 3,July,9,208.71,131
2018,Qtr 3,July,10,163.28,96
2018,Qtr 3,July,11,228.30,133
2018,Qtr 3,July,12,231.60,121
2018,Qtr 3,July,13,447.16,194
2018,Qtr 3,July,16,172.32,131
2018,Qtr 3,July,17,178.73,117
2018,Qtr 3,July,18,263.62,129
2018,Qtr 3,July,19,309.63,132
2018,Qtr 3,July,20,401.68,137
2018,Qtr 3,July,23,180.68,137
2018,Qtr 3,July,24,162.50,111
2018,Qtr 3,July,25,229.46,114
2018,Qtr 3,July,26,389.67,145
2018,Qtr 3,July,27,221.58,103
2018,Qtr 3,July,30,183.08,122
2018,Qtr 3,July,31,270.63,131
2018,Qtr 3,August,1,137.81,111
2018,Qtr 3,August,2,472.20,161
2018,Qtr 3,August,3,216.80,98
2018,Qtr 3,August,6,148.40,131
2018,Qtr 3,August,7,141.92,104
2018,Qtr 3,August,8,157.43,103
2018,Qtr 3,August,9,535.51,146
2018,Qtr 3,August,10,203.77,80
2018,Qtr 3,August,13,197.55,111
2018,Qtr 3,August,14,158.20,120
2018,Qtr 3,August,15,218.01,131
2018,Qtr 3,August,16,398.21,132
2018,Qtr 3,August,17,373.19,95
2018,Qtr 3,August,20,204.84,154
2018,Qtr 3,August,21,210.30,127
2018,Qtr 3,August,22,255.64,120
2018,Qtr 3,August,23,442.87,150
2018,Qtr 3,August,24,414.45,104
2018,Qtr 3,August,27,201.91,140
2018,Qtr 3,August,28,152.35,101
2018,Qtr 3,August,29,162.52,135
2018,Qtr 3,August,30,359.94,126
2018,Qtr 3,August,31,271.13,119
2018,Qtr 3,September,1,52.00,52
2018,Qtr 3,September,4,177.79,118
2018,Qtr 3,September,5,221.28,182
2018,Qtr 3,September,6,342.81,133
2018,Qtr 3,September,7,288.85,125
2018,Qtr 3,September,10,295.37,147
2018,Qtr 3,September,11,193.84,98
2018,Qtr 3,September,12,295.08,133
2018,Qtr 3,September,13,318.83,134
2018,Qtr 3,September,14,512.46,85
2018,Qtr 3,September,17,183.36,129
2018,Qtr 3,September,18,174.84,97
2018,Qtr 3,September,19,238.86,151
2018,Qtr 3,September,20,145.20,90
2018,Qtr 3,September,21,299.61,53
2018,Qtr 3,September,24,202.98,126
2018,Qtr 3,September,25,177.14,118
2018,Qtr 3,September,26,529.01,179
2018,Qtr 3,September,27,315.86,132
2018,Qtr 3,September,28,337.06,114
2018,Qtr 4,October,1,344.31,180
2018,Qtr 4,October,2,151.65,83
2018,Qtr 4,October,3,168.69,131
2018,Qtr 4,October,4,352.72,141
2018,Qtr 4,October,5,264.19,107
2018,Qtr 4,October,8,1978.00,1978
2018,Qtr 4,October,9,167.48,120
2018,Qtr 4,October,10,186.02,100
2018,Qtr 4,October,11,247.44,72
2018,Qtr 4,October,12,144.48,79
2018,Qtr 4,October,13,229.00,229
2018,Qtr 4,October,15,769.39,307
2018,Qtr 4,October,16,174.63,116
2018,Qtr 4,October,17,157.35,117
2018,Qtr 4,October,18,383.20,150
2018,Qtr 4,October,19,382.23,95
2018,Qtr 4,October,22,192.69,133
2018,Qtr 4,October,23,186.74,143
2018,Qtr 4,October,24,173.77,99
2018,Qtr 4,October,25,468.17,168
2018,Qtr 4,October,26,472.37,79
2018,Qtr 4,October,29,217.33,139
2018,Qtr 4,October,30,219.14,111
2018,Qtr 4,October,31,268.56,140
2018,Qtr 4,November,1,238.31,154
2018,Qtr 4,November,2,534.29,103
2018,Qtr 4,November,3,71.00,71
2018,Qtr 4,November,5,393.42,105
2018,Qtr 4,November,6,183.01,96
2018,Qtr 4,November,7,211.93,128
2018,Qtr 4,November,8,479.08,122
2018,Qtr 4,November,9,219.08,73
2018,Qtr 4,November,13,224.67,118
2018,Qtr 4,November,14,259.98,155
2018,Qtr 4,November,15,250.74,118
2018,Qtr 4,November,16,1387.38,308
2018,Qtr 4,November,18,113.00,113
2018,Qtr 4,November,19,187.91,129
2018,Qtr 4,November,20,199.56,121
2018,Qtr 4,November,21,145.04,101
2018,Qtr 4,November,26,170.31,126
2018,Qtr 4,November,27,167.09,105
2018,Qtr 4,November,28,170.97,110
2018,Qtr 4,November,29,507.96,143
2018,Qtr 4,November,30,114.96,74
2018,Qtr 4,December,1,252.00,252
2018,Qtr 4,December,3,203.04,124
2018,Qtr 4,December,4,239.33,127
2018,Qtr 4,December,5,149.93,112
2018,Qtr 4,December,6,399.70,120
2018,Qtr 4,December,7,506.23,144
2018,Qtr 4,December,10,304.56,168
2018,Qtr 4,December,11,222.20,126
2018,Qtr 4,December,12,343.24,147
2018,Qtr 4,December,13,543.11,175
2018,Qtr 4,December,14,417.82,133
2018,Qtr 4,December,17,174.80,110
2018,Qtr 4,December,18,204.97,148
2018,Qtr 4,December,19,200.80,142
2018,Qtr 4,December,20,563.96,153
2018,Qtr 4,December,21,182.05,63
2018,Qtr 4,December,24,178.63,139
2018,Qtr 4,December,26,132.20,101
2018,Qtr 4,December,27,195.01,96
2018,Qtr 4,December,28,315.51,102
2018,Qtr 4,December,31,184.95,76
2019,Qtr 1,January,2,179.28,135
2019,Qtr 1,January,3,443.69,145
2019,Qtr 1,January,4,296.96,98
2019,Qtr 1,January,7,237.73,152
2019,Qtr 1,January,8,229.60,120
2019,Qtr 1,January,9,223.88,132
2019,Qtr 1,January,10,428.33,182
2019,Qtr 1,January,11,325.36,77
2019,Qtr 1,January,14,223.04,153
2019,Qtr 1,January,15,245.07,136
2019,Qtr 1,January,16,173.96,124
2019,Qtr 1,January,17,438.71,155
2019,Qtr 1,January,18,313.38,101
2019,Qtr 1,January,21,1084.00,1084
2019,Qtr 1,January,22,190.08,168
2019,Qtr 1,January,23,175.69,126
2019,Qtr 1,January,24,412.51,155
2019,Qtr 1,January,25,285.88,115
2019,Qtr 1,January,28,243.46,124
2019,Qtr 1,January,29,190.19,153
2019,Qtr 1,January,30,183.93,127
2019,Qtr 1,January,31,495.73,199
2019,Qtr 1,February,1,186.95,95
2019,Qtr 1,February,3,381.00,381
2019,Qtr 1,February,4,159.75,125
2019,Qtr 1,February,5,178.38,140
2019,Qtr 1,February,6,162.03,120
2019,Qtr 1,February,7,237.60,160
2019,Qtr 1,February,8,262.20,102
2019,Qtr 1,February,9,5.00,5
2019,Qtr 1,February,11,187.44,110
2019,Qtr 1,February,13,165.17,141
2019,Qtr 1,February,14,239.01,148
2019,Qtr 1,February,15,295.10,157
2019,Qtr 1,February,19,227.93,146
2019,Qtr 1,February,20,217.00,138
2019,Qtr 1,February,21,197.81,120
2019,Qtr 1,February,22,177.15,57
2019,Qtr 1,February,25,210.28,116
2019,Qtr 1,February,26,247.60,123
2019,Qtr 1,February,27,261.02,136
2019,Qtr 1,February,28,323.94,149
2019,Qtr 1,March,1,573.71,203
2019,Qtr 1,March,4,159.04,138
2019,Qtr 1,March,5,124.21,91
2019,Qtr 1,March,6,201.57,136
2019,Qtr 1,March,7,248.80,155
2019,Qtr 1,March,8,319.23,115
2019,Qtr 1,March,11,185.38,140
2019,Qtr 1,March,12,230.49,181
2019,Qtr 1,March,13,264.52,140
2019,Qtr 1,March,14,479.54,111
2019,Qtr 1,March,15,1187.53,234
2019,Qtr 1,March,16,3532.00,3532
2019,Qtr 1,March,17,1144.00,1144
2019,Qtr 1,March,18,353.74,139
2019,Qtr 1,March,19,863.27,201
2019,Qtr 1,March,20,179.90,125
2019,Qtr 1,March,21,448.42,163
2019,Qtr 1,March,22,289.57,137
2019,Qtr 1,March,25,230.93,144
2019,Qtr 1,March,26,176.90,153
2019,Qtr 1,March,27,213.19,133
2019,Qtr 1,March,28,456.70,184
2019,Qtr 1,March,29,939.16,135
2019,Qtr 2,April,1,180.00,180
2019,Qtr 2,April,2,288.07,140
2019,Qtr 2,April,3,215.44,134
2019,Qtr 2,April,4,343.40,138
2019,Qtr 2,April,5,606.17,172
2019,Qtr 2,April,8,213.20,145
2019,Qtr 2,April,9,238.86,157
2019,Qtr 2,April,10,224.32,98
2019,Qtr 2,April,11,291.86,164
2019,Qtr 2,April,12,200.20,97
2019,Qtr 2,April,15,218.78,151
2019,Qtr 2,April,16,169.14,108
2019,Qtr 2,April,17,401.12,142
2019,Qtr 2,April,18,253.93,157
2019,Qtr 2,April,19,332.42,164
2019,Qtr 2,April,22,208.79,131
2019,Qtr 2,April,23,205.39,139
2019,Qtr 2,April,24,203.58,127
2019,Qtr 2,April,25,233.05,161
2019,Qtr 2,April,26,472.97,194
2019,Qtr 2,April,29,184.70,107
2019,Qtr 2,April,30,311.76,141
2019,Qtr 2,May,1,258.37,152
2019,Qtr 2,May,2,509.82,169
2019,Qtr 2,May,3,448.74,113
2019,Qtr 2,May,6,264.96,189
2019,Qtr 2,May,7,220.77,171
2019,Qtr 2,May,8,311.93,194
2019,Qtr 2,May,9,418.05,147
2019,Qtr 2,May,10,476.86,121
2019,Qtr 2,May,13,234.28,181
2019,Qtr 2,May,14,300.19,146
2019,Qtr 2,May,15,176.79,104
2019,Qtr 2,May,16,898.87,308
2019,Qtr 2,May,17,491.16,122
2019,Qtr 2,May,19,285.00,285
2019,Qtr 2,May,20,278.43,152
2019,Qtr 2,May,21,197.19,151
2019,Qtr 2,May,22,213.95,122
2019,Qtr 2,May,23,610.38,160
2019,Qtr 2,May,24,924.58,156
2019,Qtr 2,May,28,391.82,218
2019,Qtr 2,May,29,237.81,121
2019,Qtr 2,May,30,396.21,184
2019,Qtr 2,May,31,333.60,127
2019,Qtr 2,June,1,91.50,92
2019,Qtr 2,June,3,201.97,137
2019,Qtr 2,June,4,173.51,109
2019,Qtr 2,June,5,182.20,114
2019,Qtr 2,June,6,414.77,176
2019,Qtr 2,June,7,727.24,617
2019,Qtr 2,June,10,206.32,148
2019,Qtr 2,June,11,153.08,98
2019,Qtr 2,June,12,393.18,156
2019,Qtr 2,June,13,253.47,91
2019,Qtr 2,June,14,530.82,108
2019,Qtr 2,June,17,232.21,138
2019,Qtr 2,June,18,201.28,116
2019,Qtr 2,June,19,308.69,98
2019,Qtr 2,June,20,344.02,154
2019,Qtr 2,June,21,434.84,183
2019,Qtr 2,June,24,205.81,145
2019,Qtr 2,June,25,263.18,174
2019,Qtr 2,June,26,207.32,98
2019,Qtr 2,June,27,320.13,204
2019,Qtr 2,June,28,385.05,165
2019,Qtr 3,July,1,259.06,137
2019,Qtr 3,July,2,198.43,141
2019,Qtr 3,July,3,230.35,168
2019,Qtr 3,July,5,254.75,91
2019,Qtr 3,July,6,66.00,66
2019,Qtr 3,July,8,195.06,126
2019,Qtr 3,July,9,205.15,133
2019,Qtr 3,July,10,208.99,153
2019,Qtr 3,July,11,646.98,163
2019,Qtr 3,July,12,503.11,154
2019,Qtr 3,July,15,200.03,154
2019,Qtr 3,July,16,169.19,134
2019,Qtr 3,July,17,785.08,172
2019,Qtr 3,July,18,427.47,189
2019,Qtr 3,July,19,1256.49,581
2019,Qtr 3,July,22,191.79,140
2019,Qtr 3,July,23,196.83,141
2019,Qtr 3,July,24,283.50,151
2019,Qtr 3,July,25,555.99,176
2019,Qtr 3,July,26,335.52,203
2019,Qtr 3,July,29,255.22,160
2019,Qtr 3,July,30,207.10,145
2019,Qtr 3,July,31,199.56,117
2019,Qtr 3,August,1,273.93,150
2019,Qtr 3,August,2,733.31,98
2019,Qtr 3,August,5,195.38,130
2019,Qtr 3,August,6,224.77,123
2019,Qtr 3,August,7,300.43,184
2019,Qtr 3,August,8,540.15,176
2019,Qtr 3,August,9,267.68,186
2019,Qtr 3,August,12,231.23,156
2019,Qtr 3,August,13,263.43,168
2019,Qtr 3,August,14,165.35,130
2019,Qtr 3,August,15,328.91,107
2019,Qtr 3,August,16,360.93,129
2019,Qtr 3,August,19,300.81,188
2019,Qtr 3,August,20,248.42,172
2019,Qtr 3,August,21,421.00,155
2019,Qtr 3,August,22,487.75,175
2019,Qtr 3,August,23,364.27,234
2019,Qtr 3,August,24,392.50,393
2019,Qtr 3,August,25,172.00,172
2019,Qtr 3,August,26,271.40,182
2019,Qtr 3,August,27,295.72,147
2019,Qtr 3,August,28,227.06,135
2019,Qtr 3,August,29,566.96,147
2019,Qtr 3,August,30,475.25,186
2019,Qtr 3,September,3,299.57,197
2019,Qtr 3,September,4,299.11,176
2019,Qtr 3,September,5,285.72,200
2019,Qtr 3,September,6,479.07,182
2019,Qtr 3,September,9,284.48,133
2019,Qtr 3,September,10,254.49,182
2019,Qtr 3,September,11,221.82,152
2019,Qtr 3,September,12,738.62,227
2019,Qtr 3,September,13,298.55,177
2019,Qtr 3,September,16,241.22,144
2019,Qtr 3,September,17,291.00,188
2019,Qtr 3,September,18,586.14,214
2019,Qtr 3,September,19,647.59,188
2019,Qtr 3,September,20,701.44,224
2019,Qtr 3,September,23,276.77,174
2019,Qtr 3,September,24,265.72,189
2019,Qtr 3,September,25,211.01,124
2019,Qtr 3,September,26,485.25,197
2019,Qtr 3,September,27,371.22,256
2019,Qtr 3,September,29,208.00,208
2019,Qtr 3,September,30,359.94,214
2019,Qtr 4,October,1,308.29,194
2019,Qtr 4,October,2,259.51,171
2019,Qtr 4,October,3,434.84,170
2019,Qtr 4,October,4,783.02,182
2019,Qtr 4,October,7,227.28,164
2019,Qtr 4,October,8,237.72,165
2019,Qtr 4,October,9,274.99,147
2019,Qtr 4,October,10,369.74,152
2019,Qtr 4,October,11,298.96,184
2019,Qtr 4,October,14,84.00,84
2019,Qtr 4,October,15,256.18,189
2019,Qtr 4,October,16,262.70,168
2019,Qtr 4,October,17,356.11,172
2019,Qtr 4,October,18,482.60,290
2019,Qtr 4,October,21,221.97,167
2019,Qtr 4,October,22,411.62,191
2019,Qtr 4,October,23,361.14,169
2019,Qtr 4,October,24,306.56,164
2019,Qtr 4,October,25,534.69,133
2019,Qtr 4,October,28,230.84,191
2019,Qtr 4,October,29,556.87,189
2019,Qtr 4,October,30,250.09,165
2019,Qtr 4,October,31,985.58,219
2019,Qtr 4,November,1,375.55,217
2019,Qtr 4,November,4,380.80,140
2019,Qtr 4,November,5,230.91,151
2019,Qtr 4,November,6,250.40,160
2019,Qtr 4,November,7,445.47,190
2019,Qtr 4,November,8,782.63,302
2019,Qtr 4,November,11,81.00,81
2019,Qtr 4,November,12,242.59,152
2019,Qtr 4,November,13,236.81,147
2019,Qtr 4,November,14,441.91,212
2019,Qtr 4,November,15,401.02,182
2019,Qtr 4,November,18,262.27,175
2019,Qtr 4,November,19,327.04,163
2019,Qtr 4,November,20,473.25,229
2019,Qtr 4,November,21,442.94,219
2019,Qtr 4,November,22,405.69,249
2019,Qtr 4,November,25,382.59,198
2019,Qtr 4,November,26,299.29,176
2019,Qtr 4,November,27,231.16,126
2019,Qtr 4,December,1,366.00,366
2019,Qtr 4,December,2,267.12,148
2019,Qtr 4,December,3,285.85,151
2019,Qtr 4,December,4,292.46,155
2019,Qtr 4,December,5,454.38,190
2019,Qtr 4,December,6,492.88,248
2019,Qtr 4,December,9,286.73,207
2019,Qtr 4,December,10,251.18,132
2019,Qtr 4,December,11,223.60,168
2019,Qtr 4,December,12,427.58,243
2019,Qtr 4,December,13,358.31,140
2019,Qtr 4,December,15,167.00,167
2019,Qtr 4,December,16,519.61,192
2019,Qtr 4,December,17,193.67,142
2019,Qtr 4,December,18,307.24,153
2019,Qtr 4,December,19,606.98,186
2019,Qtr 4,December,20,794.07,199
2019,Qtr 4,December,23,365.25,139
2019,Qtr 4,December,24,257.04,175
2019,Qtr 4,December,26,179.07,113
2019,Qtr 4,December,27,283.97,95
2019,Qtr 4,December,30,449.51,206
2019,Qtr 4,December,31,243.16,150
2020,Qtr 1,January,2,392.07,211
2020,Qtr 1,January,3,809.43,297
2020,Qtr 1,January,5,3384.00,3384
2020,Qtr 1,January,6,295.97,193
2020,Qtr 1,January,7,258.06,160
2020,Qtr 1,January,8,281.32,202
2020,Qtr 1,January,9,290.65,198
2020,Qtr 1,January,10,622.86,279
2020,Qtr 1,January,12,7279.00,7279
2020,Qtr 1,January,13,244.27,153
2020,Qtr 1,January,14,295.86,189
2020,Qtr 1,January,15,217.62,155
2020,Qtr 1,January,16,369.48,183
2020,Qtr 1,January,17,271.83,192
2020,Qtr 1,January,19,142.00,142
2020,Qtr 1,January,21,254.84,145
2020,Qtr 1,January,22,413.84,166
2020,Qtr 1,January,23,233.68,123
2020,Qtr 1,January,24,361.10,171
2020,Qtr 1,January,27,372.40,181
2020,Qtr 1,January,28,453.86,226
2020,Qtr 1,January,29,238.82,154
2020,Qtr 1,January,30,454.68,225
2020,Qtr 1,January,31,388.30,147
2020,Qtr 1,February,3,221.86,161
2020,Qtr 1,February,4,236.30,127
2020,Qtr 1,February,5,241.43,135
2020,Qtr 1,February,6,576.21,191
2020,Qtr 1,February,7,509.05,212
2020,Qtr 1,February,10,346.59,157
2020,Qtr 1,February,11,214.60,160
2020,Qtr 1,February,13,780.88,209
2020,Qtr 1,February,14,331.22,155
2020,Qtr 1,February,18,248.67,201
2020,Qtr 1,February,19,235.75,148
2020,Qtr 1,February,20,490.15,179
2020,Qtr 1,February,21,713.39,181
2020,Qtr 1,February,24,368.29,221
2020,Qtr 1,February,25,186.12,104
2020,Qtr 1,February,26,528.10,194
2020,Qtr 1,February,27,438.20,203
2020,Qtr 1,February,28,401.13,204
2020,Qtr 1,March,2,278.48,157
2020,Qtr 1,March,3,303.85,181
2020,Qtr 1,March,4,261.59,134
2020,Qtr 1,March,5,558.48,240
2020,Qtr 1,March,6,325.31,136
2020,Qtr 1,March,9,201.99,159
2020,Qtr 1,March,10,226.50,133
2020,Qtr 1,March,11,257.44,175
2020,Qtr 1,March,12,423.67,171
2020,Qtr 1,March,13,509.84,230
2020,Qtr 1,March,16,250.45,117
2020,Qtr 1,March,17,434.06,140
2020,Qtr 1,March,18,135.31,83
2020,Qtr 1,March,19,996.59,210
2020,Qtr 1,March,20,305.00,164
2020,Qtr 1,March,23,187.67,156
2020,Qtr 1,March,24,371.86,301
2020,Qtr 1,March,25,20.20,2
2020,Qtr 1,March,26,267.29,199
2020,Qtr 1,March,27,162.88,35
2020,Qtr 1,March,30,262.40,172
2020,Qtr 2,April,1,445.38,203
2020,Qtr 2,April,2,628.58,415
2020,Qtr 2,April,3,37.00,37
2020,Qtr 2,April,6,98.60,25
2020,Qtr 2,April,7,229.00,60
2020,Qtr 2,April,8,442.83,336
2020,Qtr 2,April,9,281.50,200
2020,Qtr 2,April,10,178.56,128
2020,Qtr 2,April,12,431.00,431
2020,Qtr 2,April,13,212.80,126
2020,Qtr 2,April,14,202.93,167
2020,Qtr 2,April,15,1117.55,158
2020,Qtr 2,April,16,471.07,251
2020,Qtr 2,April,17,282.73,121
2020,Qtr 2,April,20,390.00,235
2020,Qtr 2,April,21,598.67,459
2020,Qtr 2,April,22,218.67,183
2020,Qtr 2,April,23,190.50,101
2020,Qtr 2,April,24,290.11,163
2020,Qtr 2,April,27,11.00,11
2020,Qtr 2,April,28,223.67,302
2020,Qtr 2,April,29,3164.53,3374
2020,Qtr 2,April,30,289.25,297
2020,Qtr 2,May,1,253.91,150
2020,Qtr 2,May,4,56.00,57
2020,Qtr 2,May,5,253.75,258
2020,Qtr 2,May,6,100.67,85
2020,Qtr 2,May,7,1131.50,744
2020,Qtr 2,May,8,466.78,408
2020,Qtr 2,May,9,478.00,478
2020,Qtr 2,May,11,521.40,188
2020,Qtr 2,May,12,706.50,423
2020,Qtr 2,May,13,441.17,274
2020,Qtr 2,May,14,1037.79,639
2020,Qtr 2,May,15,733.67,312
2020,Qtr 2,May,18,35.00,44
2020,Qtr 2,May,19,1167.63,888
2020,Qtr 2,May,20,1651.41,1493
2020,Qtr 2,May,21,2399.79,1887
2020,Qtr 2,May,22,1985.91,1591
2020,Qtr 2,May,24,917.50,918
2020,Qtr 2,May,26,2299.00,1838
2020,Qtr 2,May,27,1880.88,1880
2020,Qtr 2,May,28,2461.12,3562
2020,Qtr 2,May,29,302.67,180
2020,Qtr 2,June,2,177.80,200
2020,Qtr 2,June,3,194.25,220
2020,Qtr 2,June,4,280.10,272
2020,Qtr 2,June,5,298.43,151
2020,Qtr 2,June,8,549.50,550
2020,Qtr 2,June,9,1234.15,279
2020,Qtr 2,June,10,1292.66,551
2020,Qtr 2,June,11,569.20,422
2020,Qtr 2,June,12,231.33,181
2020,Qtr 2,June,15,183.57,83
2020,Qtr 2,June,16,222.95,217
2020,Qtr 2,June,17,249.00,215
2020,Qtr 2,June,18,335.88,181
2020,Qtr 2,June,19,1768.40,463
2020,Qtr 2,June,22,309.32,223
2020,Qtr 2,June,23,257.07,172
2020,Qtr 2,June,24,296.00,238
2020,Qtr 2,June,25,945.80,197
2020,Qtr 2,June,26,457.80,400
2020,Qtr 2,June,29,348.00,269
2020,Qtr 2,June,30,254.60,199
2020,Qtr 3,July,1,239.14,174
2020,Qtr 3,July,2,472.11,270
2020,Qtr 3,July,3,108.00,108
2020,Qtr 3,July,6,556.22,460
2020,Qtr 3,July,7,310.85,251
2020,Qtr 3,July,8,286.29,199
2020,Qtr 3,July,9,333.20,296
2020,Qtr 3,July,10,382.12,296
2020,Qtr 3,July,13,276.44,227
2020,Qtr 3,July,14,208.54,191
2020,Qtr 3,July,15,305.94,243
2020,Qtr 3,July,16,400.57,320
2020,Qtr 3,July,17,321.43,250
2020,Qtr 3,July,20,1708.26,362
2020,Qtr 3,July,21,594.81,267
2020,Qtr 3,July,22,347.84,227
2020,Qtr 3,July,23,562.63,260
2020,Qtr 3,July,24,427.27,433
2020,Qtr 3,July,27,337.17,206
2020,Qtr 3,July,28,349.63,248
2020,Qtr 3,July,29,296.98,216
2020,Qtr 3,July,30,359.15,288
2020,Qtr 3,July,31,533.90,281
2020,Qtr 3,August,3,332.39,273
2020,Qtr 3,August,4,376.51,246
2020,Qtr 3,August,5,1017.34,275
2020,Qtr 3,August,6,429.02,307
2020,Qtr 3,August,7,1159.78,582
2020,Qtr 3,August,10,436.19,251
2020,Qtr 3,August,11,664.74,252
2020,Qtr 3,August,12,263.31,166
2020,Qtr 3,August,13,251.14,157
2020,Qtr 3,August,14,469.23,284
2020,Qtr 3,August,17,307.33,255
2020,Qtr 3,August,18,360.70,241
2020,Qtr 3,August,19,310.38,242
2020,Qtr 3,August,20,539.14,184
2020,Qtr 3,August,21,498.43,324
2020,Qtr 3,August,24,318.59,223
2020,Qtr 3,August,25,386.28,186
2020,Qtr 3,August,26,270.53,222
2020,Qtr 3,August,27,183.03,111
2020,Qtr 3,August,28,680.67,279
2020,Qtr 3,August,31,331.98,234
2020,Qtr 3,September,1,290.39,250
2020,Qtr 3,September,2,280.06,204
2020,Qtr 3,September,3,273.14,189
2020,Qtr 3,September,4,464.30,270
2020,Qtr 3,September,8,291.60,243
2020,Qtr 3,September,9,424.49,307
2020,Qtr 3,September,10,371.35,232
2020,Qtr 3,September,11,345.90,233
2020,Qtr 3,September,14,416.39,299
2020,Qtr 3,September,15,311.77,231
2020,Qtr 3,September,16,593.97,317
2020,Qtr 3,September,17,759.09,302
2020,Qtr 3,September,18,567.20,311
2020,Qtr 3,September,20,273.00,273
2020,Qtr 3,September,21,469.53,336
2020,Qtr 3,September,22,349.77,251
2020,Qtr 3,September,23,357.77,289
2020,Qtr 3,September,24,779.85,348
2020,Qtr 3,September,25,604.06,281
2020,Qtr 3,September,26,474.00,474
2020,Qtr 3,September,28,397.03,290
2020,Qtr 3,September,29,814.58,440
2020,Qtr 3,September,30,464.10,251
2020,Qtr 4,October,1,826.71,408
2020,Qtr 4,October,2,678.72,391
2020,Qtr 4,October,5,483.49,362
2020,Qtr 4,October,6,474.96,321
2020,Qtr 4,October,7,424.65,315
2020,Qtr 4,October,8,1362.27,708
2020,Qtr 4,October,9,612.53,283
2020,Qtr 4,October,13,612.61,287
2020,Qtr 4,October,14,368.56,322
2020,Qtr 4,October,15,927.45,365
2020,Qtr 4,October,16,739.40,406
2020,Qtr 4,October,18,879.00,879
2020,Qtr 4,October,19,377.83,294
2020,Qtr 4,October,20,368.85,271
2020,Qtr 4,October,21,452.37,236
2020,Qtr 4,October,22,577.59,257
2020,Qtr 4,October,23,468.93,253
2020,Qtr 4,October,26,365.81,279
2020,Qtr 4,October,27,417.58,282
2020,Qtr 4,October,28,460.75,369
2020,Qtr 4,October,29,847.24,365
2020,Qtr 4,October,30,792.38,351
2020,Qtr 4,November,2,851.23,336
2020,Qtr 4,November,3,744.74,350
2020,Qtr 4,November,4,1363.76,428
2020,Qtr 4,November,5,1427.11,371
2020,Qtr 4,November,6,641.30,339
2020,Qtr 4,November,8,257.00,257
2020,Qtr 4,November,9,364.56,310
2020,Qtr 4,November,10,630.49,475
2020,Qtr 4,November,12,764.10,391
2020,Qtr 4,November,13,512.75,261
2020,Qtr 4,November,16,1315.92,616
2020,Qtr 4,November,17,485.43,319
2020,Qtr 4,November,18,713.81,306
2020,Qtr 4,November,19,1270.28,538
2020,Qtr 4,November,20,1147.51,395
2020,Qtr 4,November,23,454.94,293
2020,Qtr 4,November,24,349.75,267
2020,Qtr 4,November,25,297.34,221
2020,Qtr 4,November,30,491.00,280
2020,Qtr 4,December,1,716.63,406
2020,Qtr 4,December,2,439.68,338
2020,Qtr 4,December,3,614.07,323
2020,Qtr 4,December,4,818.24,293
2020,Qtr 4,December,5,1208.00,1208
2020,Qtr 4,December,6,210.50,211
2020,Qtr 4,December,7,419.08,271
2020,Qtr 4,December,8,382.93,273
2020,Qtr 4,December,9,409.88,269
2020,Qtr 4,December,10,417.49,265
2020,Qtr 4,December,11,1243.71,415
2020,Qtr 4,December,14,280.63,252
2020,Qtr 4,December,15,412.82,370
2020,Qtr 4,December,16,283.29,201
2020,Qtr 4,December,17,589.98,311
2020,Qtr 4,December,18,1130.52,340
2020,Qtr 4,December,21,72.50,73
2020,Qtr 4,December,22,552.50,385
2020,Qtr 4,December,23,647.75,561
2020,Qtr 4,December,24,603.25,405
2020,Qtr 4,December,28,385.00,385
2020,Qtr 4,December,29,163.33,141
2020,Qtr 4,December,30,411.67,444
2020,Qtr 4,December,31,599.71,310
2021,Qtr 1,January,3,25.00,25
2021,Qtr 1,January,4,549.89,254
2021,Qtr 1,January,5,326.08,260
2021,Qtr 1,January,6,1489.27,323
2021,Qtr 1,January,7,559.77,280
2021,Qtr 1,January,8,1062.79,568
2021,Qtr 1,January,11,378.15,327
2021,Qtr 1,January,12,494.46,361
2021,Qtr 1,January,13,1455.20,343
2021,Qtr 1,January,14,837.97,335
2021,Qtr 1,January,15,949.52,449
2021,Qtr 1,January,19,385.85,344
2021,Qtr 1,January,20,364.10,299
2021,Qtr 1,January,21,683.22,346
2021,Qtr 1,January,22,372.26,250
2021,Qtr 1,January,25,350.88,331
2021,Qtr 1,January,26,420.24,342
2021,Qtr 1,January,27,513.72,371
2021,Qtr 1,January,28,603.96,343
2021,Qtr 1,January,29,406.21,242
2021,Qtr 1,February,1,340.88,286
2021,Qtr 1,February,2,410.06,287
2021,Qtr 1,February,3,403.98,293
2021,Qtr 1,February,4,541.13,409
2021,Qtr 1,February,5,735.16,451
2021,Qtr 1,February,8,617.70,402
2021,Qtr 1,February,9,389.26,258
2021,Qtr 1,February,10,305.03,209
2021,Qtr 1,February,11,488.46,324
2021,Qtr 1,February,16,510.15,375
2021,Qtr 1,February,17,712.66,281
2021,Qtr 1,February,18,384.04,262
2021,Qtr 1,February,19,892.68,253
2021,Qtr 1,February,22,401.00,357
2021,Qtr 1,February,23,946.41,336
2021,Qtr 1,February,24,521.43,403
2021,Qtr 1,February,25,787.70,398
2021,Qtr 1,February,26,1277.70,1026
2021,Qtr 1,March,1,524.94,356
2021,Qtr 1,March,2,1052.67,497
2021,Qtr 1,March,3,589.02,372
2021,Qtr 1,March,4,699.67,319
2021,Qtr 1,March,5,489.03,247
2021,Qtr 1,March,6,228.00,228
2021,Qtr 1,March,8,497.02,326
2021,Qtr 1,March,9,1348.37,446
2021,Qtr 1,March,10,329.60,249
2021,Qtr 1,March,11,509.03,284
2021,Qtr 1,March,12,726.41,302
2021,Qtr 1,March,15,330.68,287
2021,Qtr 1,March,16,691.89,376
2021,Qtr 1,March,17,808.97,415
2021,Qtr 1,March,18,572.52,260
2021,Qtr 1,March,19,568.07,227
2021,Qtr 1,March,22,317.11,299
2021,Qtr 1,March,23,1083.13,348
2021,Qtr 1,March,24,318.15,257
2021,Qtr 1,March,25,921.67,513
2021,Qtr 1,March,26,697.81,391
2021,Qtr 1,March,28,458.00,458
2021,Qtr 1,March,29,344.08,234
2021,Qtr 1,March,30,360.41,327
2021,Qtr 2,April,1,753.96,435
2021,Qtr 2,April,2,1413.85,1376
2021,Qtr 2,April,5,814.66,579
2021,Qtr 2,April,6,1133.26,438
2021,Qtr 2,April,7,357.73,233
2021,Qtr 2,April,8,616.26,310
2021,Qtr 2,April,9,397.21,284
2021,Qtr 2,April,12,805.44,383
2021,Qtr 2,April,13,902.35,365
2021,Qtr 2,April,14,453.34,384
2021,Qtr 2,April,15,855.79,279
2021,Qtr 2,April,16,1915.23,1408
2021,Qtr 2,April,19,2190.69,1398
2021,Qtr 2,April,20,2671.30,1635
2021,Qtr 2,April,21,987.52,433
2021,Qtr 2,April,22,635.12,303
2021,Qtr 2,April,23,401.00,208
2021,Qtr 2,April,26,462.46,440
2021,Qtr 2,April,27,532.02,453
2021,Qtr 2,April,28,424.71,350
2021,Qtr 2,April,29,426.69,284
2021,Qtr 2,April,30,527.85,518
2021,Qtr 2,May,3,433.77,334
2021,Qtr 2,May,4,480.48,288
2021,Qtr 2,May,5,926.86,434
2021,Qtr 2,May,6,499.60,440
2021,Qtr 2,May,7,568.11,457
2021,Qtr 2,May,8,563.00,563
2021,Qtr 2,May,10,548.30,334
2021,Qtr 2,May,11,1009.56,409
2021,Qtr 2,May,12,361.27,246
2021,Qtr 2,May,13,574.20,387
2021,Qtr 2,May,14,480.97,327
2021,Qtr 2,May,17,474.07,367
2021,Qtr 2,May,18,1290.76,498
2021,Qtr 2,May,19,687.98,344
2021,Qtr 2,May,20,1153.41,408
2021,Qtr 2,May,21,348.11,294
2021,Qtr 2,May,22,1291.00,1291
2021,Qtr 2,May,24,487.35,445
2021,Qtr 2,May,25,431.58,258
2021,Qtr 2,May,26,490.47,315
2021,Qtr 2,May,27,519.67,360
2021,Qtr 2,May,28,283.29,230
2021,Qtr 2,June,1,483.17,396
2021,Qtr 2,June,2,428.76,241
2021,Qtr 2,June,3,1011.81,401
2021,Qtr 2,June,4,329.36,242
2021,Qtr 2,June,7,823.49,475
2021,Qtr 2,June,8,812.43,314
2021,Qtr 2,June,9,435.15,273
2021,Qtr 2,June,10,1150.24,506
2021,Qtr 2,June,11,1215.53,550
2021,Qtr 2,June,12,11.00,11
2021,Qtr 2,June,14,905.91,352
2021,Qtr 2,June,15,356.10,258
2021,Qtr 2,June,16,814.55,338
2021,Qtr 2,June,17,1501.92,409
2021,Qtr 2,June,18,505.00,505
2021,Qtr 2,June,20,193.00,193
2021,Qtr 2,June,21,385.06,371
2021,Qtr 2,June,22,516.03,329
2021,Qtr 2,June,23,422.98,391
2021,Qtr 2,June,24,548.16,413
2021,Qtr 2,June,25,434.35,378
2021,Qtr 2,June,28,1391.39,467
2021,Qtr 2,June,29,396.90,275
2021,Qtr 2,June,30,420.46,358
2021,Qtr 3,July,1,897.70,307
2021,Qtr 3,July,2,588.30,357
2021,Qtr 3,July,6,549.06,359
2021,Qtr 3,July,7,348.02,275
2021,Qtr 3,July,8,917.32,273
2021,Qtr 3,July,9,1125.55,918
2021,Qtr 3,July,12,507.60,398
2021,Qtr 3,July,13,443.27,359
2021,Qtr 3,July,14,633.96,440
2021,Qtr 3,July,15,543.55,307
2021,Qtr 3,July,16,532.48,418
2021,Qtr 3,July,19,623.21,293
2021,Qtr 3,July,20,684.91,314
2021,Qtr 3,July,21,602.42,371
2021,Qtr 3,July,22,892.85,369
2021,Qtr 3,July,23,1377.18,1323
2021,Qtr 3,July,26,361.12,315
2021,Qtr 3,July,27,1074.63,364
2021,Qtr 3,July,28,342.68,244
2021,Qtr 3,July,29,649.29,397
2021,Qtr 3,July,30,569.76,441
2021,Qtr 3,August,1,718.00,718
2021,Qtr 3,August,2,429.81,287
2021,Qtr 3,August,3,491.98,441
2021,Qtr 3,August,4,1200.87,551
2021,Qtr 3,August,5,456.84,282
2021,Qtr 3,August,6,484.95,438
2021,Qtr 3,August,7,689.00,689
2021,Qtr 3,August,9,479.14,285
2021,Qtr 3,August,10,470.11,321
2021,Qtr 3,August,11,439.79,256
2021,Qtr 3,August,12,847.84,817
2021,Qtr 3,August,13,1434.74,550
2021,Qtr 3,August,16,686.50,357
2021,Qtr 3,August,17,601.73,506
2021,Qtr 3,August,18,807.80,506
2021,Qtr 3,August,19,713.31,554
2021,Qtr 3,August,20,429.25,301
2021,Qtr 3,August,23,614.91,481
2021,Qtr 3,August,24,965.23,582
2021,Qtr 3,August,25,676.85,541
2021,Qtr 3,August,26,993.30,640
2021,Qtr 3,August,27,926.34,429
2021,Qtr 3,August,30,493.98,427
2021,Qtr 3,August,31,538.76,546
2021,Qtr 3,September,1,547.49,435
2021,Qtr 3,September,2,765.13,608
2021,Qtr 3,September,3,422.03,352
2021,Qtr 3,September,7,479.60,293
2021,Qtr 3,September,8,652.97,444
2021,Qtr 3,September,9,691.05,577
2021,Qtr 3,September,10,589.68,476
2021,Qtr 3,September,13,847.31,695
2021,Qtr 3,September,14,1064.93,786
2021,Qtr 3,September,15,764.94,700
2021,Qtr 3,September,16,1026.63,616
2021,Qtr 3,September,17,548.45,387
2021,Qtr 3,September,20,1317.22,506
2021,Qtr 3,September,21,361.71,260
2021,Qtr 3,September,22,846.97,456
2021,Qtr 3,September,23,847.72,634
2021,Qtr 3,September,24,486.48,393
2021,Qtr 3,September,27,1525.37,853
2021,Qtr 3,September,28,669.55,616
2021,Qtr 3,September,29,585.85,407
2021,Qtr 3,September,30,653.95,590
2021,Qtr 4,October,1,1813.19,899
2021,Qtr 4,October,4,742.08,677
2021,Qtr 4,October,5,1143.35,746
2021,Qtr 4,October,6,988.64,725
2021,Qtr 4,October,7,1021.44,909
2021,Qtr 4,October,8,337.05,178
2021,Qtr 4,October,12,779.33,670
2021,Qtr 4,October,13,642.20,420
2021,Qtr 4,October,14,1136.75,597
2021,Qtr 4,October,15,371.80,299
2021,Qtr 4,October,16,2595.00,2595
2021,Qtr 4,October,18,809.00,573
2021,Qtr 4,October,19,729.25,601
2021,Qtr 4,October,20,996.24,561
2021,Qtr 4,October,21,799.20,514
2021,Qtr 4,October,22,779.55,421
2021,Qtr 4,October,25,719.81,300
2021,Qtr 4,October,26,387.08,320
2021,Qtr 4,October,27,592.21,404
2021,Qtr 4,October,28,832.34,670
2021,Qtr 4,October,29,1014.13,562
2021,Qtr 4,November,1,585.87,466
2021,Qtr 4,November,2,474.05,424
2021,Qtr 4,November,3,650.15,328
2021,Qtr 4,November,4,1010.51,598
2021,Qtr 4,November,5,367.08,241
2021,Qtr 4,November,6,1083.00,1083
2021,Qtr 4,November,8,636.74,513
2021,Qtr 4,November,9,477.40,349
2021,Qtr 4,November,10,802.22,511
2021,Qtr 4,November,12,739.00,545
2021,Qtr 4,November,15,478.85,412
2021,Qtr 4,November,16,729.78,480
2021,Qtr 4,November,17,666.17,509
2021,Qtr 4,November,18,1001.41,610
2021,Qtr 4,November,19,522.58,460
2021,Qtr 4,November,22,383.14,293
2021,Qtr 4,November,23,668.28,379
2021,Qtr 4,November,24,380.23,278
2021,Qtr 4,November,29,530.74,423
2021,Qtr 4,November,30,1008.67,424
2021,Qtr 4,December,1,479.85,411
2021,Qtr 4,December,2,1080.42,643
2021,Qtr 4,December,3,438.89,338
2021,Qtr 4,December,6,336.85,216
2021,Qtr 4,December,7,432.70,386
2021,Qtr 4,December,8,331.31,179
2021,Qtr 4,December,9,1031.79,459
2021,Qtr 4,December,10,533.38,546
2021,Qtr 4,December,13,480.42,391
2021,Qtr 4,December,14,553.37,253
2021,Qtr 4,December,15,708.16,261
2021,Qtr 4,December,16,365.27,203
2021,Qtr 4,December,17,453.13,272
2021,Qtr 4,December,20,1143.59,417
2021,Qtr 4,December,21,383.00,333
2021,Qtr 4,December,22,267.04,134
2021,Qtr 4,December,23,798.30,142
2021,Qtr 4,December,27,459.38,332
2021,Qtr 4,December,28,375.77,232
2021,Qtr 4,December,29,1044.26,392
2021,Qtr 4,December,30,1417.03,483
2022,Qtr 1,January,3,283.07,257
2022,Qtr 1,January,4,530.40,510
2022,Qtr 1,January,5,596.59,446
2022,Qtr 1,January,6,847.55,470
2022,Qtr 1,January,7,419.64,311
2022,Qtr 1,January,10,601.52,377
2022,Qtr 1,January,11,1630.91,586
2022,Qtr 1,January,12,2538.38,2453
2022,Qtr 1,January,13,2105.82,912
2022,Qtr 1,January,14,2285.90,767
2022,Qtr 1,January,18,691.05,459
2022,Qtr 1,January,19,868.93,346
2022,Qtr 1,January,20,622.19,260
2022,Qtr 1,January,21,466.76,318
2022,Qtr 1,January,24,487.03,396
2022,Qtr 1,January,25,854.38,427
2022,Qtr 1,January,26,446.67,274
2022,Qtr 1,January,27,439.93,126
2022,Qtr 1,January,28,250.42,140
2022,Qtr 1,January,31,450.68,332
2022,Qtr 1,February,1,539.38,290
2022,Qtr 1,February,2,994.02,239
2022,Qtr 1,February,3,409.44,303
2022,Qtr 1,February,4,294.00,237
2022,Qtr 1,February,7,364.76,229
2022,Qtr 1,February,8,460.73,338
2022,Qtr 1,February,9,1104.95,517
2022,Qtr 1,February,10,888.04,324
2022,Qtr 1,February,11,4309.00,4309
2022,Qtr 1,February,14,443.70,192
2022,Qtr 1,February,15,467.89,308
2022,Qtr 1,February,16,308.94,290
2022,Qtr 1,February,17,697.85,327
2022,Qtr 1,February,18,498.41,199
2022,Qtr 1,February,22,423.24,246
2022,Qtr 1,February,23,1685.07,818
2022,Qtr 1,February,24,751.81,331
2022,Qtr 1,February,25,423.03,290
2022,Qtr 1,February,28,408.43,345
2022,Qtr 1,March,1,416.90,257
2022,Qtr 1,March,2,565.78,444
2022,Qtr 1,March,3,397.61,197
2022,Qtr 1,March,4,477.23,178
2022,Qtr 1,March,5,2034.29,1431
2022,Qtr 1,March,7,334.74,261
2022,Qtr 1,March,8,349.15,230
2022,Qtr 1,March,9,549.42,361
2022,Qtr 1,March,10,542.19,331
2022,Qtr 1,March,11,704.40,375
2022,Qtr 1,March,14,618.86,328
2022,Qtr 1,March,15,418.27,328
2022,Qtr 1,March,16,513.58,509
2022,Qtr 1,March,17,380.10,205
2022,Qtr 1,March,18,465.00,429
2022,Qtr 1,March,21,335.57,233
2022,Qtr 1,March,22,446.58,336
2022,Qtr 1,March,23,400.00,249
2022,Qtr 1,March,24,870.00,347
2022,Qtr 1,March,25,1275.96,369
2022,Qtr 1,March,28,463.48,362
2022,Qtr 1,March,29,367.00,246
2022,Qtr 1,March,30,588.35,392
2022,Qtr 2,April,1,617.74,143
2022,Qtr 2,April,4,463.72,350
2022,Qtr 2,April,5,357.80,266
2022,Qtr 2,April,6,428.90,158
2022,Qtr 2,April,7,482.17,305
2022,Qtr 2,April,8,607.46,195
2022,Qtr 2,April,11,267.26,175
2022,Qtr 2,April,12,1023.13,425
2022,Qtr 2,April,13,840.47,545
2022,Qtr 2,April,14,495.56,239
2022,Qtr 2,April,15,572.10,392
2022,Qtr 2,April,18,381.33,278
2022,Qtr 2,April,19,426.86,332
2022,Qtr 2,April,20,937.04,576
2022,Qtr 2,April,21,491.59,338
2022,Qtr 2,April,22,931.03,382
2022,Qtr 2,April,25,382.00,339
2022,Qtr 2,April,26,458.58,286
2022,Qtr 2,April,27,435.88,279
2022,Qtr 2,April,28,395.42,295
2022,Qtr 2,April,29,840.59,309
2022,Qtr 2,May,2,374.09,261
2022,Qtr 2,May,3,569.93,483
2022,Qtr 2,May,4,491.90,378
2022,Qtr 2,May,5,477.30,216
2022,Qtr 2,May,6,410.83,71
2022,Qtr 2,May,9,472.72,363
2022,Qtr 2,May,10,575.13,279
2022,Qtr 2,May,11,778.81,387
2022,Qtr 2,May,12,593.66,265
2022,Qtr 2,May,13,1077.00,745
2022,Qtr 2,May,15,144.00,144
2022,Qtr 2,May,16,383.33,255
2022,Qtr 2,May,17,342.53,253
2022,Qtr 2,May,18,411.13,268
2022,Qtr 2,May,19,731.48,197
2022,Qtr 2,May,20,640.00,345
2022,Qtr 2,May,23,428.70,350
2022,Qtr 2,May,24,404.58,285
2022,Qtr 2,May,25,340.96,204
2022,Qtr 2,May,26,423.67,273
2022,Qtr 2,May,27,526.37,467
2022,Qtr 2,May,31,358.98,210
2022,Qtr 2,June,1,368.61,176
2022,Qtr 2,June,2,559.43,409
2022,Qtr 2,June,3,352.09,352
2022,Qtr 2,June,4,110.00,110
2022,Qtr 2,June,6,427.24,390
2022,Qtr 2,June,7,454.88,277
2022,Qtr 2,June,8,415.15,269
2022,Qtr 2,June,9,513.48,248
2022,Qtr 2,June,10,925.74,85
2022,Qtr 2,June,13,425.06,337
2022,Qtr 2,June,14,422.85,328
2022,Qtr 2,June,15,2198.83,2730
2022,Qtr 2,June,16,649.08,435
2022,Qtr 2,June,17,672.81,492
2022,Qtr 2,June,20,271.50,272
2022,Qtr 2,June,21,502.26,267
2022,Qtr 2,June,22,308.06,236
2022,Qtr 2,June,23,662.94,304
2022,Qtr 2,June,24,2245.39,818
2022,Qtr 2,June,27,305.47,265
2022,Qtr 2,June,28,803.62,245
2022,Qtr 2,June,29,426.62,223
2022,Qtr 2,June,30,1108.31,345
2022,Qtr 3,July,1,839.67,542
2022,Qtr 3,July,5,434.84,284
2022,Qtr 3,July,6,496.71,238
2022,Qtr 3,July,7,487.67,232
2022,Qtr 3,July,8,1518.00,1591
2022,Qtr 3,July,11,391.94,286
2022,Qtr 3,July,12,389.94,214
2022,Qtr 3,July,13,652.05,330
2022,Qtr 3,July,14,378.91,251
2022,Qtr 3,July,15,1611.63,850
2022,Qtr 3,July,18,392.07,278
2022,Qtr 3,July,19,424.81,377
2022,Qtr 3,July,20,603.03,351
2022,Qtr 3,July,21,910.59,295
2022,Qtr 3,July,22,661.71,429
2022,Qtr 3,July,25,467.71,236
2022,Qtr 3,July,26,1335.18,1522
2022,Qtr 3,July,27,405.90,311
2022,Qtr 3,July,28,1231.11,237
2022,Qtr 3,July,29,1127.78,658
2022,Qtr 3,August,1,1018.38,340
2022,Qtr 3,August,2,644.33,369
2022,Qtr 3,August,3,386.27,197
2022,Qtr 3,August,4,659.62,262
2022,Qtr 3,August,5,616.18,480
2022,Qtr 3,August,8,362.83,200
2022,Qtr 3,August,9,333.43,202
2022,Qtr 3,August,10,416.08,263
2022,Qtr 3,August,11,335.69,196
2022,Qtr 3,August,12,373.28,218
2022,Qtr 3,August,15,466.46,354
2022,Qtr 3,August,16,389.54,256
2022,Qtr 3,August,17,589.71,360
2022,Qtr 3,August,18,364.51,364
2022,Qtr 3,August,19,747.42,464
2022,Qtr 3,August,22,1768.04,700
2022,Qtr 3,August,23,861.07,290
2022,Qtr 3,August,24,443.79,308
2022,Qtr 3,August,25,572.45,377
2022,Qtr 3,August,26,392.78,253
2022,Qtr 3,August,29,602.47,365
2022,Qtr 3,August,30,524.84,309
2022,Qtr 3,August,31,1251.13,267
2022,Qtr 3,September,1,507.18,291
2022,Qtr 3,September,2,694.00,456
2022,Qtr 3,September,6,369.16,216
2022,Qtr 3,September,7,516.59,231
2022,Qtr 3,September,8,619.63,378
2022,Qtr 3,September,9,1374.56,421
2022,Qtr 3,September,12,800.90,407
2022,Qtr 3,September,13,546.37,278
2022,Qtr 3,September,14,572.60,301
2022,Qtr 3,September,15,714.83,324
2022,Qtr 3,September,16,1939.60,445
2022,Qtr 3,September,19,667.86,356
2022,Qtr 3,September,20,702.70,274
2022,Qtr 3,September,21,365.66,244
2022,Qtr 3,September,22,548.68,309
2022,Qtr 3,September,26,729.66,132
2022,Qtr 3,September,27,487.03,309
2022,Qtr 3,September,28,636.70,310
2022,Qtr 3,September,29,485.19,346
2022,Qtr 3,September,30,421.18,132
2022,Qtr 4,October,3,409.87,286
2022,Qtr 4,October,4,517.39,448
2022,Qtr 4,October,5,739.56,511
2022,Qtr 4,October,6,661.16,265
2022,Qtr 4,October,7,458.63,150
2022,Qtr 4,October,10,5282.00,5282
2022,Qtr 4,October,11,1136.08,239
2022,Qtr 4,October,12,438.72,222
2022,Qtr 4,October,13,628.05,275
2022,Qtr 4,October,14,731.71,483
2022,Qtr 4,October,17,364.92,223
2022,Qtr 4,October,18,1139.18,342
2022,Qtr 4,October,19,577.63,302
2022,Qtr 4,October,20,462.47,202
2022,Qtr 4,October,21,568.03,505
2022,Qtr 4,October,24,842.26,693
2022,Qtr 4,October,25,288.75,198
2022,Qtr 4,October,26,387.48,248
2022,Qtr 4,October,27,807.47,223
2022,Qtr 4,October,28,620.61,432
2022,Qtr 4,October,31,335.04,244
2022,Qtr 4,November,1,493.29,395
2022,Qtr 4,November,2,580.25,331
2022,Qtr 4,November,3,734.24,342
2022,Qtr 4,November,4,295.89,176
2022,Qtr 4,November,7,349.57,229
2022,Qtr 4,November,8,534.47,228
2022,Qtr 4,November,9,545.49,246
2022,Qtr 4,November,10,531.57,292
2022,Qtr 4,November,14,957.92,773
2022,Qtr 4,November,15,448.11,278
2022,Qtr 4,November,16,432.43,291
2022,Qtr 4,November,17,571.17,362
2022,Qtr 4,November,18,540.19,224
2022,Qtr 4,November,21,510.98,177
2022,Qtr 4,November,22,476.13,237
2022,Qtr 4,November,23,329.75,183
2022,Qtr 4,November,28,487.53,160
2022,Qtr 4,November,29,514.37,222
2022,Qtr 4,November,30,603.26,168
2022,Qtr 4,December,1,543.13,269
2022,Qtr 4,December,2,560.04,457
2022,Qtr 4,December,5,487.08,247
2022,Qtr 4,December,6,383.94,259
2022,Qtr 4,December,7,447.78,258
2022,Qtr 4,December,8,403.95,268
2022,Qtr 4,December,9,2729.66,2739
2022,Qtr 4,December,12,1104.11,423
2022,Qtr 4,December,13,1922.87,267
2022,Qtr 4,December,14,2260.28,1041
2022,Qtr 4,December,15,430.37,227
2022,Qtr 4,December,16,346.87,135
2022,Qtr 4,December,18,587.00,587
2022,Qtr 4,December,19,376.69,234
2022,Qtr 4,December,20,379.04,208
2022,Qtr 4,December,21,1084.75,343
2022,Qtr 4,December,22,740.59,685
2022,Qtr 4,December,23,963.14,975
2022,Qtr 4,December,27,298.92,210
2022,Qtr 4,December,28,324.68,209
2022,Qtr 4,December,29,403.42,196
2022,Qtr 4,December,30,749.45,32
2023,Qtr 1,January,3,359.67,210
2023,Qtr 1,January,4,350.54,221
2023,Qtr 1,January,5,690.62,297
2023,Qtr 1,January,6,297.22,161
2023,Qtr 1,January,9,459.22,213
2023,Qtr 1,January,10,408.27,230
2023,Qtr 1,January,11,450.11,264
2023,Qtr 1,January,12,630.93,241
2023,Qtr 1,January,13,415.45,223
2023,Qtr 1,January,16,391.00,391
2023,Qtr 1,January,17,363.59,210
2023,Qtr 1,January,18,281.00,151
2023,Qtr 1,January,19,570.92,239
2023,Qtr 1,January,20,497.72,347
2023,Qtr 1,January,23,293.43,210
2023,Qtr 1,January,24,366.84,249
2023,Qtr 1,January,25,397.00,260
2023,Qtr 1,January,26,1289.38,282
2023,Qtr 1,January,27,1100.42,519
2023,Qtr 1,January,30,400.64,209
2023,Qtr 1,January,31,408.77,251
2023,Qtr 1,February,1,548.37,194
2023,Qtr 1,February,2,1108.70,302
2023,Qtr 1,February,3,461.24,305
2023,Qtr 1,February,6,363.50,311
2023,Qtr 1,February,7,517.93,320
2023,Qtr 1,February,8,481.91,260
2023,Qtr 1,February,9,465.89,286
2023,Qtr 1,February,10,940.43,918
2023,Qtr 1,February,14,383.38,335
2023,Qtr 1,February,15,422.00,310
2023,Qtr 1,February,16,622.51,318
2023,Qtr 1,February,17,622.08,685
2023,Qtr 1,February,21,317.01,188
2023,Qtr 1,February,22,567.78,313
2023,Qtr 1,February,23,432.55,225
2023,Qtr 1,February,24,670.32,437
2023,Qtr 1,February,27,539.61,348
2023,Qtr 1,February,28,393.03,259
2023,Qtr 1,March,1,472.19,310
2023,Qtr 1,March,2,757.90,332
2023,Qtr 1,March,3,873.79,360
2023,Qtr 1,March,6,487.91,307
2023,Qtr 1,March,7,960.52,245
2023,Qtr 1,March,8,1150.05,316
2023,Qtr 1,March,9,454.85,213
2023,Qtr 1,March,10,613.85,430
2023,Qtr 1,March,12,627.00,627
2023,Qtr 1,March,13,407.16,273
2023,Qtr 1,March,14,337.54,227
2023,Qtr 1,March,15,692.38,182
2023,Qtr 1,March,16,455.37,394
2023,Qtr 1,March,17,1628.42,1529
2023,Qtr 1,March,20,609.44,243
2023,Qtr 1,March,21,1075.69,1176
2023,Qtr 1,March,22,791.50,280
2023,Qtr 1,March,23,401.66,352
2023,Qtr 1,March,24,503.29,310
2023,Qtr 1,March,27,382.68,258
2023,Qtr 1,March,28,546.86,229
2023,Qtr 1,March,29,349.31,224
2023,Qtr 1,March,30,542.40,365
2023,Qtr 2,April,3,529.44,336
2023,Qtr 2,April,4,429.73,303
2023,Qtr 2,April,5,1086.08,376
2023,Qtr 2,April,6,1322.53,696
2023,Qtr 2,April,7,1249.42,297
2023,Qtr 2,April,10,507.66,330
2023,Qtr 2,April,11,504.47,188
2023,Qtr 2,April,12,2534.69,2570
2023,Qtr 2,April,13,946.16,448
2023,Qtr 2,April,14,364.83,296
2023,Qtr 2,April,17,635.64,261
2023,Qtr 2,April,18,477.75,246
2023,Qtr 2,April,19,832.87,308
2023,Qtr 2,April,20,599.00,349
2023,Qtr 2,April,21,515.76,156
2023,Qtr 2,April,22,281.00,281
2023,Qtr 2,April,23,200.00,200
2023,Qtr 2,April,24,453.79,248
2023,Qtr 2,April,25,203.47,106
2023,Qtr 2,April,26,444.47,289
2023,Qtr 2,April,27,500.26,304
2023,Qtr 2,April,28,1460.12,554
2023,Qtr 2,May,1,564.32,429
2023,Qtr 2,May,2,1060.11,275
2023,Qtr 2,May,3,316.34,260
2023,Qtr 2,May,4,848.27,267
2023,Qtr 2,May,5,463.79,292
2023,Qtr 2,May,8,724.33,360
2023,Qtr 2,May,9,334.47,218
2023,Qtr 2,May,10,507.79,196
2023,Qtr 2,May,11,566.73,332
2023,Qtr 2,May,12,677.77,431
2023,Qtr 2,May,15,403.14,266
2023,Qtr 2,May,16,565.96,354
2023,Qtr 2,May,17,428.83,221
2023,Qtr 2,May,18,577.17,294
2023,Qtr 2,May,19,201.88,25
2023,Qtr 2,May,22,381.65,223
2023,Qtr 2,May,23,310.00,277
2023,Qtr 2,May,24,293.26,211
2023,Qtr 2,May,25,399.77,251
2023,Qtr 2,May,26,651.06,528
2023,Qtr 2,May,30,494.85,353
2023,Qtr 2,May,31,266.72,130
2023,Qtr 2,June,1,378.59,277
2023,Qtr 2,June,2,504.65,182
2023,Qtr 2,June,5,677.93,357
2023,Qtr 2,June,6,386.18,321
2023,Qtr 2,June,7,307.59,204
2023,Qtr 2,June,8,625.94,223
2023,Qtr 2,June,9,463.90,153
2023,Qtr 2,June,12,455.76,316
2023,Qtr 2,June,13,430.64,286
2023,Qtr 2,June,14,416.63,217
2023,Qtr 2,June,15,504.64,330
2023,Qtr 2,June,16,203.67,87
2023,Qtr 2,June,20,307.64,227
2023,Qtr 2,June,21,583.83,287
2023,Qtr 2,June,22,393.54,300
2023,Qtr 2,June,23,558.81,318
2023,Qtr 2,June,26,561.73,238
2023,Qtr 2,June,27,396.61,342
2023,Qtr 2,June,28,372.47,180
2023,Qtr 2,June,29,408.46,224
2023,Qtr 2,June,30,284.15,115
2023,Qtr 3,July,3,437.10,180
2023,Qtr 3,July,5,269.66,105
2023,Qtr 3,July,6,431.35,155
2023,Qtr 3,July,7,445.50,68
2023,Qtr 3,July,10,284.03,166
2023,Qtr 3,July,11,331.27,275
2023,Qtr 3,July,12,448.74,343
2023,Qtr 3,July,13,628.47,169
2023,Qtr 3,July,14,301.26,157
2023,Qtr 3,July,17,593.14,396
2023,Qtr 3,July,18,423.56,223
2023,Qtr 3,July,19,268.04,190
2023,Qtr 3,July,20,411.66,265
2023,Qtr 3,July,21,170.58,98
2023,Qtr 3,July,24,253.33,173
2023,Qtr 3,July,25,288.68,210
2023,Qtr 3,July,26,304.62,159
2023,Qtr 3,July,27,219.06,134
2023,Qtr 3,July,28,405.68,90
2023,Qtr 3,July,31,319.59,200
2023,Qtr 3,August,1,423.34,262
2023,Qtr 3,August,2,477.07,233
2023,Qtr 3,August,3,360.66,177
2023,Qtr 3,August,4,481.05,210
2023,Qtr 3,August,7,283.45,165
2023,Qtr 3,August,8,387.94,236
2023,Qtr 3,August,9,446.15,197
2023,Qtr 3,August,10,454.12,211
2023,Qtr 3,August,11,408.00,65
2023,Qtr 3,August,14,395.19,153
2023,Qtr 3,August,15,322.06,189
2023,Qtr 3,August,16,271.63,102
2023,Qtr 3,August,17,331.12,176
2023,Qtr 3,August,18,320.79,218
2023,Qtr 3,August,19,435.00,435
2023,Qtr 3,August,21,488.09,262
2023,Qtr 3,August,22,378.43,224
2023,Qtr 3,August,23,320.29,139
2023,Qtr 3,August,24,291.88,164
2023,Qtr 3,August,25,411.59,38
2023,Qtr 3,August,28,352.20,227
2023,Qtr 3,August,29,283.88,147
2023,Qtr 3,August,30,441.38,241
2023,Qtr 3,August,31,318.54,230
2023,Qtr 3,September,1,264.20,129
2023,Qtr 3,September,5,345.88,284
2023,Qtr 3,September,6,540.41,236
2023,Qtr 3,September,7,453.22,235
2023,Qtr 3,September,8,313.46,180
2023,Qtr 3,September,11,160.92,85
2023,Qtr 3,September,12,378.41,216
2023,Qtr 3,September,13,735.86,415
2023,Qtr 3,September,14,251.28,144
2023,Qtr 3,September,15,345.56,186
2023,Qtr 3,September,18,437.32,220
2023,Qtr 3,September,19,377.36,290
2023,Qtr 3,September,20,254.58,109
2023,Qtr 3,September,21,348.61,233
2023,Qtr 3,September,25,338.09,218
2023,Qtr 3,September,26,379.92,189
2023,Qtr 3,September,27,399.16,167
2023,Qtr 3,September,28,546.97,239
2023,Qtr 3,September,29,237.86,268
2023,Qtr 4,October,2,189.17,130
2023,Qtr 4,October,3,158.19,117
2023,Qtr 4,October,4,254.32,174
2023,Qtr 4,October,5,471.00,169
2023,Qtr 4,October,6,297.47,233
2023,Qtr 4,October,9,251.33,41
2023,Qtr 4,October,10,434.20,200
2023,Qtr 4,October,11,341.86,196
2023,Qtr 4,October,12,434.26,262
2023,Qtr 4,October,13,420.87,257
2023,Qtr 4,October,16,604.35,250
2023,Qtr 4,October,17,549.24,328
2023,Qtr 4,October,18,426.45,244
2023,Qtr 4,October,19,411.52,259
2023,Qtr 4,October,20,739.86,450
2023,Qtr 4,October,23,560.66,270
2023,Qtr 4,October,24,519.19,258
2023,Qtr 4,October,25,279.88,144
2023,Qtr 4,October,26,305.76,203
2023,Qtr 4,October,27,466.82,156
2023,Qtr 4,October,30,566.69,185
2023,Qtr 4,October,31,479.34,270
2023,Qtr 4,November,1,299.33,203
2023,Qtr 4,November,2,293.60,190
2023,Qtr 4,November,3,442.27,229
2023,Qtr 4,November,6,319.43,214
2023,Qtr 4,November,7,385.10,187
2023,Qtr 4,November,8,339.05,181
2023,Qtr 4,November,9,209.48,126
2023,Qtr 4,November,13,145.34,51
2023,Qtr 4,November,14,298.53,229
2023,Qtr 4,November,15,386.20,209
2023,Qtr 4,November,16,693.90,360
2023,Qtr 4,November,17,226.92,163
2023,Qtr 4,November,20,277.34,146
2023,Qtr 4,November,21,599.29,238
2023,Qtr 4,November,22,334.41,216
2023,Qtr 4,November,23,171.00,171
2023,Qtr 4,November,27,411.56,193
2023,Qtr 4,November,28,560.85,230
2023,Qtr 4,November,29,636.72,182
2023,Qtr 4,November,30,634.92,420
2023,Qtr 4,December,1,478.91,401
2023,Qtr 4,December,4,311.96,176
2023,Qtr 4,December,5,511.05,274
2023,Qtr 4,December,6,751.31,316
2023,Qtr 4,December,7,297.54,162
2023,Qtr 4,December,8,321.57,203
2023,Qtr 4,December,11,427.12,215
2023,Qtr 4,December,12,327.93,236
2023,Qtr 4,December,13,327.08,214
2023,Qtr 4,December,14,187.73,191
2023,Qtr 4,December,15,283.31,252
2023,Qtr 4,December,18,235.00,125
2023,Qtr 4,December,19,190.40,184
2023,Qtr 4,December,20,153.95,96
2023,Qtr 4,December,21,114.33,80
2023,Qtr 4,December,22,208.67,31
2023,Qtr 4,December,26,109.11,98
2023,Qtr 4,December,27,320.18,273
2023,Qtr 4,December,28,175.53,149
2023,Qtr 4,December,29,220.75,146
